ID,name,surname,email,sex,salary,years_working
147374,Bartie,Collocott,bartie.collocott@fema.gov,M,29994,36
141322,Moreen,Kraft,moreen.kraft@nationalgeographic.com,F,49700,40
143765,Ginny,Bickerstaffe,ginny.bickerstaffe@nyu.edu,F,39461,30
140424,Vladamir,Tunbridge,vladamir.tunbridge@cloudflare.com,M,6510,32
142520,Ddene,Pender,ddene.pender@posterous.com,F,19488,16
146884,Garrot,Jakucewicz,garrot.jakucewicz@mtv.com,M,37331,23
139903,Mallorie,Pyner,mallorie.pyner@china.com.cn,F,24120,3
142194,Herbert,Durant,herbert.durant@pagesperso-orange.fr,M,35695,50
143776,Sebastien,McManamon,sebastien.mcmanamon@1und1.de,M,28579,22
146274,Cedric,Bohlin,cedric.bohlin@digg.com,M,36862,6
146449,Bay,Foskett,bay.foskett@paginegialle.it,M,9940,15
146460,Anestassia,Pendrigh,anestassia.pendrigh@imgur.com,F,23843,30
147485,Abby,Riccardi,abby.riccardi@blogspot.com,F,38507,55
143520,Lana,Bauduin,lana.bauduin@google.com.hk,F,29467,46
140120,Kenn,Laverenz,kenn.laverenz@oakley.com,M,39094,18
143232,Arne,Albrecht,arne.albrecht@google.nl,M,15494,56
144705,Major,Oats,major.oats@discuz.net,M,39015,30
147592,Gregor,Mattheissen,gregor.mattheissen@themeforest.net,M,12089,47
140466,Anny,Pareman,anny.pareman@lulu.com,F,46780,32
147035,Eliot,Legges,eliot.legges@discovery.com,M,42872,39
143687,Rozanna,O'Mullally,rozanna.o'mullally@gmpg.org,F,6036,38
146660,Lynnea,Underwood,lynnea.underwood@yahoo.com,F,17141,31
141246,Guillema,Doneld,guillema.doneld@patch.com,F,45164,45
144226,Kiele,L' Anglois,kiele.l' anglois@google.com.br,F,3895,13
146795,Guinna,Keunemann,guinna.keunemann@youtube.com,F,3502,38
146818,Ella,Bliben,ella.bliben@mozilla.com,F,43720,35
142663,Violante,Walkinshaw,violante.walkinshaw@freewebs.com,F,34078,2
144689,Burt,Olohan,burt.olohan@addtoany.com,M,3700,7
146160,Johnna,Nusche,johnna.nusche@jalbum.net,F,37231,32
147289,Bertrando,Poleykett,bertrando.poleykett@github.io,M,10901,45
147601,Archibald,Roubay,archibald.roubay@yelp.com,M,44059,41
143646,Greta,McMenemy,greta.mcmenemy@booking.com,F,12935,15
145922,Ranice,Rudge,ranice.rudge@msu.edu,F,32379,33
146267,Christiana,Mynard,christiana.mynard@squarespace.com,F,34720,34
147064,Jolynn,McIlrath,jolynn.mcilrath@tinypic.com,F,28719,10
145735,Dannie,Elvidge,dannie.elvidge@storify.com,M,2254,21
141198,Melvyn,Gillanders,melvyn.gillanders@gmpg.org,M,10618,33
142986,Galven,Tart,galven.tart@cbsnews.com,M,27546,2
146882,Ragnar,Latchmore,ragnar.latchmore@bloomberg.com,M,26181,58
145110,Lidia,Greydon,lidia.greydon@wsj.com,F,43492,18
139907,David,Valadez,david.valadez@squarespace.com,M,1633,7
144133,Traci,Gooderham,traci.gooderham@jalbum.net,F,24958,17
144624,Jinny,Besnard,jinny.besnard@accuweather.com,F,9961,42
147086,Bil,Alflatt,bil.alflatt@ft.com,M,38902,25
141621,Westbrooke,Prevost,westbrooke.prevost@scribd.com,M,9366,25
142623,Norman,Brennand,norman.brennand@comsenz.com,M,37272,9
146794,Adelind,Roddie,adelind.roddie@tamu.edu,F,44531,24
143306,Daisey,Whitlow,daisey.whitlow@washingtonpost.com,F,40483,35
147008,Prescott,Ruckert,prescott.ruckert@noaa.gov,M,9741,36
147314,Early,Mee,early.mee@gov.uk,M,30339,19
142233,Salomo,Yashin,salomo.yashin@51.la,M,38916,10
147509,Ruprecht,Kellar,ruprecht.kellar@unesco.org,M,17921,10
139780,Preston,Pike,preston.pike@liveinternet.ru,M,19739,22
140077,Brett,Ollenbuttel,brett.ollenbuttel@jimdo.com,F,33962,33
144050,Evita,Losano,evita.losano@unesco.org,F,8450,36
140010,Doroteya,Kedge,doroteya.kedge@wiley.com,F,11132,30
140194,Kirstin,Castellaccio,kirstin.castellaccio@networksolutions.com,F,12205,13
143485,Anthiathia,Pleuman,anthiathia.pleuman@about.me,F,18749,24
145236,Rheba,Aukland,rheba.aukland@de.vu,F,39011,43
140963,Kristine,Gale,kristine.gale@thetimes.co.uk,F,47006,14
146259,Francene,Ransbury,francene.ransbury@who.int,F,48247,11
146881,Dix,Rampley,dix.rampley@goo.ne.jp,F,13449,14
143932,Shalna,Lyttle,shalna.lyttle@privacy.gov.au,F,42141,16
144068,Aldo,Jackalin,aldo.jackalin@chron.com,M,37326,28
144412,Marney,Warcup,marney.warcup@bbb.org,F,24912,21
145364,Thalia,Brodie,thalia.brodie@about.me,F,34764,21
147119,Odey,Taggerty,odey.taggerty@who.int,M,46612,26
144629,Silvester,Marryatt,silvester.marryatt@so-net.ne.jp,M,22933,4
142678,Waiter,Feldstern,waiter.feldstern@ameblo.jp,M,15027,30
146728,Morris,Molden,morris.molden@nifty.com,M,15419,16
147122,Tracey,Stading,tracey.stading@amazonaws.com,M,42910,22
147069,Helene,Callaghan,helene.callaghan@youku.com,F,30428,31
147106,Mariam,Milbourne,mariam.milbourne@china.com.cn,F,21790,11
147491,Susanna,Leahair,susanna.leahair@xing.com,F,26873,31
140687,Elvyn,Mugleston,elvyn.mugleston@chicagotribune.com,M,14945,44
143249,Shaine,Weber,shaine.weber@guardian.co.uk,M,47859,21
144790,Jarrad,Sellek,jarrad.sellek@redcross.org,M,45972,19
147409,Bud,Wild,bud.wild@feedburner.com,M,3298,39
142305,Rossie,Branigan,rossie.branigan@newyorker.com,M,32427,24
145469,Sharla,Tucker,sharla.tucker@phoca.cz,F,43869,45
147285,Carrol,McLaine,carrol.mclaine@photobucket.com,M,33346,4
147191,Zedekiah,Thornbarrow,zedekiah.thornbarrow@taobao.com,M,1943,42
141465,Berkley,Marshland,berkley.marshland@opensource.org,M,27442,47
143590,Myrwyn,Yockley,myrwyn.yockley@washingtonpost.com,M,4555,43
143703,Patrizio,Elwood,patrizio.elwood@friendfeed.com,M,32944,41
144347,Harriot,Novis,harriot.novis@wisc.edu,F,19529,19
144471,Darelle,Hanbidge,darelle.hanbidge@springer.com,F,14862,48
140171,Giovanna,Pail,giovanna.pail@posterous.com,F,10691,32
140266,Dayle,Atthowe,dayle.atthowe@yale.edu,F,14372,27
144626,Obidiah,Bottinelli,obidiah.bottinelli@tripadvisor.com,M,2994,40
145699,Reynold,Skilbeck,reynold.skilbeck@i2i.jp,M,17777,29
140395,Adorne,Getty,adorne.getty@sun.com,F,48209,15
141350,Joelly,Loftus,joelly.loftus@independent.co.uk,F,36630,35
140622,Shell,Gaytor,shell.gaytor@dropbox.com,M,9342,16
146585,Averil,Schutter,averil.schutter@wiley.com,M,17746,57
141321,Bronny,Cheale,bronny.cheale@redcross.org,M,29129,33
143572,Madelaine,Weyman,madelaine.weyman@php.net,F,3007,28
142879,Kurtis,Dabner,kurtis.dabner@sakura.ne.jp,M,12749,32
143189,Jorge,Towey,jorge.towey@goodreads.com,M,17058,29
146087,Damien,Cheasman,damien.cheasman@hexun.com,M,48276,25
141425,Saul,Hornig,saul.hornig@businesswire.com,M,40101,37
143874,Christiano,Boerder,christiano.boerder@admin.ch,M,25491,33
141446,Vanya,Lyddon,vanya.lyddon@webmd.com,F,47269,34
143705,Jard,Knivett,jard.knivett@eventbrite.com,M,40625,41
141439,Roobbie,Wetherick,roobbie.wetherick@dropbox.com,F,41187,45
142140,Stefan,Kettoe,stefan.kettoe@state.gov,M,47944,15
144170,Lita,Lints,lita.lints@paginegialle.it,F,4611,25
144971,Missy,Brezlaw,missy.brezlaw@twitter.com,F,1189,34
145229,Tamra,Weiner,tamra.weiner@ocn.ne.jp,F,2820,9
147225,Rosalinda,Cruden,rosalinda.cruden@twitter.com,F,5416,32
141132,Valentino,McNamara,valentino.mcnamara@alibaba.com,M,14698,12
143831,Normand,Kemwal,normand.kemwal@google.co.jp,M,9079,40
142861,Libbie,Guyan,libbie.guyan@chronoengine.com,F,28935,16
144472,Hatty,Fache,hatty.fache@weather.com,F,18203,46
146925,Lowrance,Grolle,lowrance.grolle@blogs.com,M,45278,31
140737,Granger,Slowan,granger.slowan@live.com,M,27801,38
141248,Judon,Magnay,judon.magnay@usda.gov,M,39974,34
143214,Gerhardine,Dotterill,gerhardine.dotterill@myspace.com,F,9889,47
144491,Stan,Upham,stan.upham@businesswire.com,M,28639,18
144979,Francklyn,Ashmore,francklyn.ashmore@macromedia.com,M,26673,33
146774,Quentin,Gilley,quentin.gilley@spotify.com,M,32332,12
143854,Cobbie,Donnett,cobbie.donnett@abc.net.au,M,43385,51
145605,Inigo,Melonby,inigo.melonby@bloglovin.com,M,20839,37
139948,Trent,Marthen,trent.marthen@google.de,M,32777,17
140396,Ketti,Buckbee,ketti.buckbee@i2i.jp,F,18432,59
145668,Emili,Hawarden,emili.hawarden@uol.com.br,F,3130,42
144315,Ardelia,Grishenkov,ardelia.grishenkov@washingtonpost.com,F,40266,15
146080,Dagny,Spearing,dagny.spearing@harvard.edu,M,32565,4
146603,Lanette,Dunley,lanette.dunley@ifeng.com,F,17121,1
147445,Brod,Bannard,brod.bannard@g.co,M,18942,19
146878,Sigismundo,Feilden,sigismundo.feilden@nydailynews.com,M,29147,56
140121,Gayle,Illwell,gayle.illwell@google.pl,F,35311,36
146222,Leodora,Peyro,leodora.peyro@yolasite.com,F,48614,57
147341,Emmet,Silvester,emmet.silvester@myspace.com,M,36095,49
141378,Aurie,Happer,aurie.happer@vinaora.com,F,10977,19
142209,Celestine,Paszak,celestine.paszak@rediff.com,F,40713,44
146987,Gregor,Morot,gregor.morot@e-recht24.de,M,18101,51
147110,Blair,Pettit,blair.pettit@guardian.co.uk,M,40213,3
140959,Tania,Leitche,tania.leitche@tamu.edu,F,37014,54
145848,Titus,Douglass,titus.douglass@exblog.jp,M,42172,40
146061,Angie,Duplock,angie.duplock@kickstarter.com,F,13796,37
147160,Ernestine,Scarff,ernestine.scarff@jugem.jp,F,20687,2
139964,Donni,Dracey,donni.dracey@bloglovin.com,F,2720,22
146252,Romona,Pymer,romona.pymer@digg.com,F,13622,26
147453,Barr,Fowden,barr.fowden@indiatimes.com,M,45703,3
142909,Robinet,Blackmuir,robinet.blackmuir@studiopress.com,M,30280,46
144053,Jaynell,Doniso,jaynell.doniso@bigcartel.com,F,29013,10
140002,Querida,Gollop,querida.gollop@pagesperso-orange.fr,F,33582,39
140504,Gerek,Allans,gerek.allans@bing.com,M,13900,29
144008,Terrence,Glanister,terrence.glanister@wired.com,M,42981,30
142657,Gery,Cabel,gery.cabel@wp.com,M,38708,13
145463,Wilton,Rilston,wilton.rilston@fema.gov,M,31551,60
147597,Anitra,Hirthe,anitra.hirthe@imageshack.us,F,3137,36
141309,Angelita,Sansun,angelita.sansun@parallels.com,F,41846,6
142984,Gorden,Burbank,gorden.burbank@wunderground.com,M,32002,31
144060,Bette,Arpur,bette.arpur@narod.ru,F,49390,15
141255,Willy,Fleckney,willy.fleckney@twitpic.com,F,19227,52
140549,Alford,Schimmang,alford.schimmang@webeden.co.uk,M,17764,25
144257,Laurence,Roscamp,laurence.roscamp@ed.gov,M,2986,13
141492,Gerhardt,McTerrelly,gerhardt.mcterrelly@si.edu,M,37714,16
146606,Nicko,Schleswig-Holstein,nicko.schleswig-holstein@answers.com,M,14007,26
139847,Ruttger,Rosengarten,ruttger.rosengarten@google.com,M,1449,31
142973,Hort,Lothlorien,hort.lothlorien@miibeian.gov.cn,M,45594,55
144849,Gayla,Temby,gayla.temby@imdb.com,F,27571,14
145292,Parnell,Lambol,parnell.lambol@princeton.edu,M,18898,48
142614,Brandie,Bannister,brandie.bannister@ox.ac.uk,F,17339,10
140117,Raye,Spieght,raye.spieght@seesaa.net,F,18083,1
141690,Valdemar,Ovens,valdemar.ovens@newsvine.com,M,12648,42
144033,Lemar,Youles,lemar.youles@bloomberg.com,M,31305,22
147437,Kissie,Mulhill,kissie.mulhill@oracle.com,F,17260,24
147135,Corbin,Dreye,corbin.dreye@mlb.com,M,16134,44
147393,Cass,Eilhermann,cass.eilhermann@bluehost.com,F,47281,36
144617,Domingo,Cleworth,domingo.cleworth@1688.com,M,42460,36
141948,Karolina,Riggey,karolina.riggey@woothemes.com,F,38048,13
142212,Ingemar,Chorlton,ingemar.chorlton@house.gov,M,10099,4
146699,Amargo,Mitchinson,amargo.mitchinson@whitehouse.gov,F,23788,16
142084,Neils,Hunday,neils.hunday@phpbb.com,M,3627,31
142324,Gabriella,Dougher,gabriella.dougher@epa.gov,F,10877,16
145508,Petey,Donisi,petey.donisi@google.co.uk,M,14547,43
145632,Yetta,Vany,yetta.vany@youtu.be,F,11837,39
147367,Guendolen,Sherer,guendolen.sherer@comsenz.com,F,21826,28
140215,Camel,Milkin,camel.milkin@huffingtonpost.com,F,29385,22
143157,Cordula,Ashbee,cordula.ashbee@cbslocal.com,F,30399,17
141448,Umeko,Gummory,umeko.gummory@usa.gov,F,1389,26
140204,Frank,Dursley,frank.dursley@census.gov,F,5496,11
141200,Cameron,Kupka,cameron.kupka@ycombinator.com,M,10275,35
141227,Lucias,Hoff,lucias.hoff@phpbb.com,M,17051,13
142044,Piotr,Faye,piotr.faye@archive.org,M,29989,19
144280,Tyrone,Loudwell,tyrone.loudwell@woothemes.com,M,2016,4
141146,Lewes,Vankeev,lewes.vankeev@hc360.com,M,19185,37
145824,Micheal,Liggens,micheal.liggens@tamu.edu,M,3603,38
140298,Hort,Primarolo,hort.primarolo@netlog.com,M,10342,57
142419,Michele,Biddles,michele.biddles@telegraph.co.uk,M,20330,32
142541,Missie,Casse,missie.casse@census.gov,F,28056,37
139869,Corby,Amey,corby.amey@nymag.com,M,1249,3
144151,Cassy,Doniso,cassy.doniso@wordpress.org,F,30635,42
146068,Babette,Boughtflower,babette.boughtflower@time.com,F,5183,46
140775,Hetty,Libbe,hetty.libbe@bandcamp.com,F,42013,26
142141,Lebbie,Chantrell,lebbie.chantrell@dell.com,F,20013,46
142971,Wilt,Comelli,wilt.comelli@miibeian.gov.cn,M,14742,15
144027,Sheila,Corwood,sheila.corwood@wsj.com,F,4372,25
145442,Trula,Pic,trula.pic@over-blog.com,F,46854,14
146113,Lew,MacGilpatrick,lew.macgilpatrick@squarespace.com,M,29927,34
141903,Anselm,Kruszelnicki,anselm.kruszelnicki@reddit.com,M,49371,10
146534,Reed,Gynn,reed.gynn@photobucket.com,M,16807,17
146626,Clay,Handrahan,clay.handrahan@bluehost.com,M,18815,55
139822,Tabbitha,Swallwell,tabbitha.swallwell@npr.org,F,32255,15
142687,Hermine,Tenney,hermine.tenney@biblegateway.com,F,34210,26
144127,Katleen,Saby,katleen.saby@t.co,F,1171,11
144394,Hammad,Geake,hammad.geake@altervista.org,M,1711,57
146086,Phillipp,Marioneau,phillipp.marioneau@npr.org,M,13714,12
142831,Casar,Rolley,casar.rolley@intel.com,M,36871,26
143565,Grayce,Meriguet,grayce.meriguet@illinois.edu,F,19939,52
142961,Clevey,Barus,clevey.barus@biblegateway.com,M,30636,29
143863,Durante,Goddman,durante.goddman@yandex.ru,M,26068,26
141224,Diandra,Redmore,diandra.redmore@paginegialle.it,F,30839,36
141510,Gifford,Sambiedge,gifford.sambiedge@twitpic.com,M,43243,4
145950,Aaren,Grady,aaren.grady@webeden.co.uk,F,11702,15
143347,Annora,Alliston,annora.alliston@japanpost.jp,F,46933,7
144490,Mitch,Lowe,mitch.lowe@arstechnica.com,M,19787,3
146514,Stormi,Kadd,stormi.kadd@clickbank.net,F,32961,20
143241,Jacklin,Rives,jacklin.rives@nifty.com,F,43234,25
144455,Dominick,Gooke,dominick.gooke@techcrunch.com,M,14960,14
144963,Raquel,Sinisbury,raquel.sinisbury@mozilla.org,F,12530,4
146590,Kin,Gostridge,kin.gostridge@washington.edu,M,16057,16
140418,Nicolea,Barnhill,nicolea.barnhill@yale.edu,F,12945,41
146929,Kenny,Alvarado,kenny.alvarado@altervista.org,M,45301,58
147344,Hilario,Lyven,hilario.lyven@delicious.com,M,12454,13
145861,Lou,Covey,lou.covey@shop-pro.jp,M,26806,6
141625,Rafael,Ivanishchev,rafael.ivanishchev@dailymotion.com,M,27084,38
145111,Nancy,Wadly,nancy.wadly@blogger.com,F,46682,39
145795,Wes,Sanson,wes.sanson@blogs.com,M,4859,43
141656,Maggi,Sickling,maggi.sickling@mysql.com,F,47006,35
142303,Donnie,Hamlyn,donnie.hamlyn@simplemachines.org,M,32105,25
142325,Vincenty,Kneeland,vincenty.kneeland@theglobeandmail.com,M,16544,30
145556,Dari,Reidshaw,dari.reidshaw@over-blog.com,F,20315,45
141145,Wolfy,Featherbie,wolfy.featherbie@mozilla.com,M,23569,10
142432,Judy,Linning,judy.linning@cbc.ca,F,28976,18
144365,Dillon,Cristofaro,dillon.cristofaro@google.com.br,M,24587,12
142836,Emmy,Ruhben,emmy.ruhben@gravatar.com,F,1848,22
144631,Ninon,Hatchman,ninon.hatchman@loc.gov,F,24241,30
144781,Magdalena,Barrat,magdalena.barrat@rakuten.co.jp,F,36009,24
146848,Wyndham,Peckett,wyndham.peckett@youtube.com,M,32118,24
140400,Laura,Aisbett,laura.aisbett@reverbnation.com,F,25682,14
145347,Chandal,Dewar,chandal.dewar@nymag.com,F,13371,13
145357,Caddric,Lerven,caddric.lerven@ca.gov,M,25756,5
144508,Mirabella,Livingston,mirabella.livingston@ameblo.jp,F,32653,37
140633,Berton,Durkin,berton.durkin@networksolutions.com,M,33567,29
144587,Corissa,Paolazzi,corissa.paolazzi@phpbb.com,F,15949,33
145772,Lanny,Aylett,lanny.aylett@wordpress.org,M,13671,19
147027,Meta,Caramuscia,meta.caramuscia@baidu.com,F,46011,37
145533,Rae,Lynes,rae.lynes@nytimes.com,F,49166,14
140547,Angelia,Palleske,angelia.palleske@exblog.jp,F,38484,7
140657,Ulrich,Langhorn,ulrich.langhorn@shareasale.com,M,7382,17
140968,Ave,Ellgood,ave.ellgood@jalbum.net,M,33159,12
142689,Danette,D'Aubney,danette.d'aubney@about.com,F,9943,48
143459,Lev,Duffill,lev.duffill@goodreads.com,M,3990,31
140526,Rick,Gerrell,rick.gerrell@mozilla.com,M,44346,24
142937,Rickert,Cowpertwait,rickert.cowpertwait@shinystat.com,M,23664,21
143443,Dena,Entwhistle,dena.entwhistle@blogspot.com,F,20085,6
144632,Cathe,Ragdale,cathe.ragdale@google.ca,F,31647,10
144686,Rochette,Shyre,rochette.shyre@jimdo.com,F,29449,22
145862,Nerta,Bryden,nerta.bryden@1688.com,F,23146,41
142781,Winny,Verdey,winny.verdey@desdev.cn,F,2429,12
145120,Bambie,Ebenezer,bambie.ebenezer@mac.com,F,36917,18
145646,Zebadiah,Pauly,zebadiah.pauly@adobe.com,M,7305,31
141444,Coleen,Goodlad,coleen.goodlad@go.com,F,7198,21
142726,Elisha,Jewiss,elisha.jewiss@storify.com,M,12277,1
145914,Edy,Clail,edy.clail@nymag.com,F,45833,9
144128,Tobi,Hosten,tobi.hosten@google.cn,F,8442,9
141725,Charlie,Liversage,charlie.liversage@symantec.com,M,2318,51
141834,Quillan,Wollen,quillan.wollen@smugmug.com,M,41618,9
147054,Marlyn,Raoux,marlyn.raoux@webnode.com,F,40885,8
139812,Reinhold,Crose,reinhold.crose@theguardian.com,M,7775,15
141831,Riki,Duffil,riki.duffil@weather.com,F,36979,19
147379,Mei,Toyne,mei.toyne@huffingtonpost.com,F,33668,23
140164,Betta,MacAvddy,betta.macavddy@tuttocitta.it,F,19020,37
141665,Mannie,Jurkowski,mannie.jurkowski@reddit.com,M,33378,20
145409,Katti,Stigers,katti.stigers@weibo.com,F,15035,25
145726,Anderson,Elsay,anderson.elsay@google.ca,M,43599,4
147211,Llewellyn,Woolvin,llewellyn.woolvin@sina.com.cn,M,40283,29
141904,Briney,Attkins,briney.attkins@amazon.co.jp,F,6235,56
143712,Eolanda,MacColm,eolanda.maccolm@usnews.com,F,1743,25
144559,Malanie,Avard,malanie.avard@typepad.com,F,28665,4
145518,Ajay,Leyburn,ajay.leyburn@webnode.com,F,37550,5
140093,Leigha,Gout,leigha.gout@networkadvertising.org,F,20993,51
142597,Scottie,Infante,scottie.infante@typepad.com,M,39331,15
142368,Car,Kerfod,car.kerfod@vimeo.com,M,44560,29
144560,Wainwright,Ivanets,wainwright.ivanets@sina.com.cn,M,21733,57
145564,Ursola,Enriques,ursola.enriques@squarespace.com,F,40588,29
144505,Sena,Jarrett,sena.jarrett@zdnet.com,F,10328,32
146328,Ephraim,Philott,ephraim.philott@freewebs.com,M,2186,40
140275,Chilton,Grindall,chilton.grindall@blogspot.com,M,34289,27
144416,Cassie,Casellas,cassie.casellas@edublogs.org,M,8656,28
147294,Gottfried,Ridpath,gottfried.ridpath@unblog.fr,M,10813,10
146650,Susannah,Heaviside,susannah.heaviside@51.la,F,9685,47
140223,Bria,Gandley,bria.gandley@alibaba.com,F,6068,27
140413,Chrisy,Surfleet,chrisy.surfleet@google.cn,M,43614,20
142021,Filmer,Hopfner,filmer.hopfner@discovery.com,M,2024,13
141956,Atalanta,Goggin,atalanta.goggin@smh.com.au,F,4854,23
140369,Kore,Wheble,kore.wheble@delicious.com,F,32068,59
143032,Kizzee,Pesticcio,kizzee.pesticcio@fotki.com,F,8538,10
143508,Stefania,Billanie,stefania.billanie@nbcnews.com,F,24141,28
145985,Rasla,Rosenstengel,rasla.rosenstengel@tiny.cc,F,42088,3
143957,Niki,Brehat,niki.brehat@ucla.edu,M,6757,7
141076,Peyton,Cozens,peyton.cozens@dropbox.com,M,29173,26
142670,Shay,Bozier,shay.bozier@people.com.cn,F,7844,18
146561,Marion,Whiffin,marion.whiffin@latimes.com,F,20597,21
141110,Dilly,Josephson,dilly.josephson@wix.com,M,6920,14
141980,Elisabet,Ravel,elisabet.ravel@upenn.edu,F,13411,33
143665,Willy,Fairfoull,willy.fairfoull@behance.net,F,31706,10
146778,Dotti,Airdrie,dotti.airdrie@home.pl,F,29421,50
141126,Cesare,Inker,cesare.inker@mashable.com,M,34928,13
141994,Kristyn,Yggo,kristyn.yggo@google.fr,F,3443,13
140708,Olive,Dericot,olive.dericot@icq.com,F,20355,3
144403,Ileana,Station,ileana.station@deviantart.com,F,32582,24
146331,Allianora,Stanesby,allianora.stanesby@skype.com,F,24504,47
146836,Terencio,Livard,terencio.livard@google.com.hk,M,22894,41
141057,Alfy,Lovewell,alfy.lovewell@wikispaces.com,M,45085,23
145356,Aldin,Endrighi,aldin.endrighi@kickstarter.com,M,42015,17
142286,Davie,Heindrick,davie.heindrick@yahoo.com,M,9434,35
142918,Darcy,Dullingham,darcy.dullingham@rakuten.co.jp,F,29540,7
146749,Gayelord,Catchpole,gayelord.catchpole@free.fr,M,26236,44
147142,Edyth,Glennon,edyth.glennon@tamu.edu,F,21739,23
145857,Marleah,Jesse,marleah.jesse@addthis.com,F,10085,39
146107,Hirsch,Vaughan-Hughes,hirsch.vaughan-hughes@360.cn,M,27183,12
141038,Halimeda,Cuthbertson,halimeda.cuthbertson@booking.com,F,33721,18
144539,Dewie,Gavaran,dewie.gavaran@nydailynews.com,M,32114,12
145164,Sydney,Linsey,sydney.linsey@soundcloud.com,M,3444,12
145832,Lezley,Carncross,lezley.carncross@sbwire.com,M,33988,11
146942,Sondra,Bohike,sondra.bohike@elegantthemes.com,F,23309,16
145472,Delila,McCloughlin,delila.mccloughlin@histats.com,F,45337,20
146181,Patin,Stonnell,patin.stonnell@usgs.gov,M,25309,59
143715,Olenka,Drover,olenka.drover@vkontakte.ru,F,8855,46
145049,Armando,Fraanchyonok,armando.fraanchyonok@techcrunch.com,M,38578,4
147033,Dinny,Hanstock,dinny.hanstock@parallels.com,F,29961,29
141164,Ingamar,Stearn,ingamar.stearn@ed.gov,M,3317,6
143901,Augusto,Roder,augusto.roder@digg.com,M,9573,24
144425,Katherine,Trivett,katherine.trivett@nydailynews.com,F,48149,4
147441,Archy,Ormonde,archy.ormonde@acquirethisname.com,M,36106,4
139794,Alla,Eschalette,alla.eschalette@nifty.com,F,7452,29
143526,Aguste,Whitwam,aguste.whitwam@marriott.com,M,27194,13
144300,Ajay,Garwill,ajay.garwill@nifty.com,F,10083,26
147454,Shaine,Summerell,shaine.summerell@forbes.com,M,14794,16
147460,Mandel,Francklin,mandel.francklin@dedecms.com,M,5472,23
143440,Zak,Carrett,zak.carrett@washington.edu,M,44732,17
146974,Michaella,Dodson,michaella.dodson@theguardian.com,F,12437,10
147005,Winna,Millis,winna.millis@nbcnews.com,F,13496,49
142458,Blair,Burkinshaw,blair.burkinshaw@multiply.com,M,25889,38
145140,Kerwin,Aspital,kerwin.aspital@jimdo.com,M,14375,4
140066,Marie-ann,Coutthart,marie-ann.coutthart@blinklist.com,F,49417,18
144663,Gilda,Giscken,gilda.giscken@blinklist.com,F,40048,33
140228,Jennee,Scrivner,jennee.scrivner@harvard.edu,F,11345,21
142765,Lester,Ryle,lester.ryle@feedburner.com,M,14661,23
144325,Malvin,Darragon,malvin.darragon@prweb.com,M,31797,19
146589,Mateo,Fissenden,mateo.fissenden@aol.com,M,3428,14
146218,Elias,Andrei,elias.andrei@fda.gov,M,37048,52
140510,Roselia,McCathie,roselia.mccathie@sfgate.com,F,41113,3
141755,Carissa,Delicate,carissa.delicate@about.me,F,43709,6
144387,Margy,Enticott,margy.enticott@howstuffworks.com,F,20646,12
146070,Rozanne,Fender,rozanne.fender@dailymotion.com,F,4545,14
147048,Arv,Mayhew,arv.mayhew@deliciousdays.com,M,8550,20
145820,Darn,Crissil,darn.crissil@i2i.jp,M,11007,17
139908,Meredith,Mayling,meredith.mayling@biblegateway.com,M,6472,12
140715,Karl,Innocent,karl.innocent@over-blog.com,M,7703,5
140722,Pen,Tureville,pen.tureville@spiegel.de,F,36008,2
141406,Ludovika,Bowler,ludovika.bowler@163.com,F,30024,4
142566,Christine,Woollhead,christine.woollhead@geocities.com,F,24488,30
147566,Reba,MacDuffie,reba.macduffie@adobe.com,F,16594,5
140245,Kermy,Warcup,kermy.warcup@mail.ru,M,18040,60
141295,Gaby,Antonio,gaby.antonio@ox.ac.uk,F,15262,19
141929,Joete,Baxstare,joete.baxstare@redcross.org,F,43222,46
139924,Gretchen,Wilcot,gretchen.wilcot@google.cn,F,16509,3
146876,Mace,Burns,mace.burns@sitemeter.com,M,30458,1
145630,Gustavus,Afonso,gustavus.afonso@imgur.com,M,28595,53
146205,Garold,Vellacott,garold.vellacott@guardian.co.uk,M,11484,9
141071,Alejoa,Yuryaev,alejoa.yuryaev@sina.com.cn,M,44200,38
141333,Alfredo,Glasscock,alfredo.glasscock@cpanel.net,M,32890,33
143759,Pierrette,Sherwill,pierrette.sherwill@hc360.com,F,5097,55
144100,Merrie,Stamps,merrie.stamps@canalblog.com,F,40015,12
147060,Kennan,Serrels,kennan.serrels@answers.com,M,43718,54
144338,Lil,Nielson,lil.nielson@goo.ne.jp,F,17549,2
146587,Merrielle,Loggie,merrielle.loggie@webeden.co.uk,F,2604,22
140355,Godfrey,McElvogue,godfrey.mcelvogue@com.com,M,19397,49
142012,Morie,Haffenden,morie.haffenden@bluehost.com,M,25323,43
142682,Corine,MacNeish,corine.macneish@4shared.com,F,12611,42
140894,Karoly,Picardo,karoly.picardo@privacy.gov.au,M,10351,37
142800,Gerri,Butten,gerri.butten@lycos.com,M,16400,36
143521,Maisey,Calway,maisey.calway@eepurl.com,F,9151,46
146927,Dilan,Milksop,dilan.milksop@epa.gov,M,29709,21
147232,Ephrayim,Carding,ephrayim.carding@smugmug.com,M,15778,8
142289,Alina,Pembry,alina.pembry@alibaba.com,F,45968,25
143017,Jilly,Eldered,jilly.eldered@yelp.com,F,47502,27
145637,Celine,Yakobovitz,celine.yakobovitz@state.gov,F,14056,38
140656,Wheeler,Curzon,wheeler.curzon@blogger.com,M,18019,18
142882,Shalne,Borrel,shalne.borrel@homestead.com,F,21796,18
144208,Calvin,Charlesworth,calvin.charlesworth@msu.edu,M,2456,11
141186,Mellie,Prestedge,mellie.prestedge@yahoo.co.jp,F,17808,7
140747,Kelsi,Berrane,kelsi.berrane@e-recht24.de,F,44983,56
143212,Jean,Archbell,jean.archbell@senate.gov,M,27920,49
144179,Vonni,Dykins,vonni.dykins@engadget.com,F,39604,48
141072,Cherye,Daggett,cherye.daggett@youtu.be,F,48948,8
141535,Bartlet,Vodden,bartlet.vodden@hugedomains.com,M,37842,25
146003,Travus,Ellerington,travus.ellerington@clickbank.net,M,13666,14
142888,Shaine,Ades,shaine.ades@ucoz.com,F,2034,42
145153,Ruttger,Wolstenholme,ruttger.wolstenholme@xing.com,M,25903,18
143061,Noel,Downey,noel.downey@hc360.com,M,26302,9
144960,Rodolfo,Itzkov,rodolfo.itzkov@histats.com,M,17044,17
147506,Oliy,Bathoe,oliy.bathoe@com.com,F,40007,6
141813,Puff,Galgey,puff.galgey@nih.gov,M,4591,45
142565,Fedora,Stourton,fedora.stourton@dedecms.com,F,49150,7
143013,Chrissy,Stobo,chrissy.stobo@bluehost.com,M,15621,30
145051,Goldi,Case,goldi.case@123-reg.co.uk,F,24457,29
141889,Reba,Szymaniak,reba.szymaniak@tmall.com,F,28727,11
142457,Josy,Ivimey,josy.ivimey@state.tx.us,F,30829,11
145444,Caryl,Lowthorpe,caryl.lowthorpe@house.gov,F,37154,19
145484,Dun,Fowlestone,dun.fowlestone@canalblog.com,M,13832,4
142299,Dari,Sellan,dari.sellan@printfriendly.com,F,46836,31
145679,Edlin,Killingbeck,edlin.killingbeck@biblegateway.com,M,22085,43
146856,Gasparo,Slaymaker,gasparo.slaymaker@seattletimes.com,M,14496,29
147335,Sheridan,Coie,sheridan.coie@wikia.com,M,39035,9
139950,Garth,Paget,garth.paget@indiegogo.com,M,29468,49
141471,Redd,Gilcrist,redd.gilcrist@squarespace.com,M,17871,23
142502,Marrissa,McCurley,marrissa.mccurley@loc.gov,F,45736,10
144760,Alair,Kippin,alair.kippin@ebay.co.uk,M,4622,24
146451,Bird,Enrico,bird.enrico@cocolog-nifty.com,F,15714,40
140402,Thaine,Burbidge,thaine.burbidge@clickbank.net,M,16366,9
141982,Ron,Severs,ron.severs@ocn.ne.jp,M,39266,14
142988,Alon,Pashba,alon.pashba@dailymotion.com,M,3221,57
146570,Kasper,Benaine,kasper.benaine@chron.com,M,37397,25
140823,Krishna,Jost,krishna.jost@qq.com,M,7882,10
142000,Roddy,Forrest,roddy.forrest@cdc.gov,M,16042,46
144335,Joli,Hlavecek,joli.hlavecek@nba.com,F,17347,31
141890,Gabi,Scibsey,gabi.scibsey@harvard.edu,F,28523,6
145170,Remy,St. Hill,remy.st. hill@edublogs.org,F,25445,52
140229,Caterina,Maben,caterina.maben@bizjournals.com,F,27238,5
142944,Dianemarie,Charlewood,dianemarie.charlewood@msu.edu,F,13065,9
143921,Edgar,Plumridge,edgar.plumridge@cafepress.com,M,45872,26
144817,Flory,MacPadene,flory.macpadene@nyu.edu,F,25271,15
145416,Quinton,Heliar,quinton.heliar@omniture.com,M,46422,48
147360,Raquela,Androli,raquela.androli@comcast.net,F,35618,46
141376,Rafaello,Storrie,rafaello.storrie@oakley.com,M,20480,30
