ID,name,surname,email,sex,salary,years_working
131605,Hynda,Vesque,hynda.vesque@edublogs.org,F,142827,22
131644,Hill,Tiuit,hill.tiuit@fda.gov,M,107262,1
131667,Desmund,Perot,desmund.perot@nasa.gov,M,105506,18
131755,Elianore,Nardoni,elianore.nardoni@webmd.com,F,118031,2
131863,Malissa,Aldred,malissa.aldred@mysql.com,F,148513,33
131915,Ginelle,Drake,ginelle.drake@wisc.edu,F,136927,39
131995,Elysee,Ronchi,elysee.ronchi@examiner.com,F,136768,49
132008,Rani,Stickley,rani.stickley@miibeian.gov.cn,F,112027,2
132017,Mitchael,Griffiths,mitchael.griffiths@paginegialle.it,M,110791,8
132023,Smith,Lamberti,smith.lamberti@economist.com,M,122368,25
132082,Harbert,Tattersill,harbert.tattersill@blinklist.com,M,145665,21
132184,Isabeau,Maidens,isabeau.maidens@usnews.com,F,103481,35
132190,Georg,Shenton,georg.shenton@stumbleupon.com,M,122814,31
132293,Hillery,Hellier,hillery.hellier@google.nl,M,126619,1
132297,Ned,Meineking,ned.meineking@va.gov,M,110394,13
132379,Ara,Dei,ara.dei@uiuc.edu,F,104074,51
132405,Doroteya,Khan,doroteya.khan@qq.com,F,100301,14
132485,Bearnard,Vango,bearnard.vango@ihg.com,M,141137,9
132525,Brear,McAuliffe,brear.mcauliffe@behance.net,F,132204,2
132533,Arleta,Farncomb,arleta.farncomb@youku.com,F,121273,32
132565,Isidora,Petriello,isidora.petriello@vistaprint.com,F,115232,40
132785,Faydra,Sloegrave,faydra.sloegrave@washington.edu,F,132099,11
132838,Helena,Tobias,helena.tobias@google.com.hk,F,137300,12
132865,Giovanni,Rowledge,giovanni.rowledge@nbcnews.com,M,137431,3
132901,Eveline,Bugden,eveline.bugden@so-net.ne.jp,F,122182,7
132907,Gardiner,Thow,gardiner.thow@google.co.jp,M,107930,16
132964,Sasha,Grassett,sasha.grassett@walmart.com,F,137491,9
133031,Hadrian,Loch,hadrian.loch@dropbox.com,M,147082,3
133073,Louie,Grisley,louie.grisley@harvard.edu,M,108991,25
133109,Elbertina,Simoens,elbertina.simoens@about.com,F,135066,14
133262,Oralle,Kidstone,oralle.kidstone@scientificamerican.com,F,128989,6
133298,Mikel,Donoghue,mikel.donoghue@indiatimes.com,M,129249,20
133449,Carney,Flindall,carney.flindall@ihg.com,M,136189,5
133462,Guenevere,Vinten,guenevere.vinten@trellian.com,F,134401,10
133604,Vanya,Meriguet,vanya.meriguet@ovh.net,F,145361,25
133633,Dorise,Ainscough,dorise.ainscough@bbb.org,F,103198,12
133679,Maire,Brundrett,maire.brundrett@boston.com,F,136079,37
133714,Tyrus,Hearle,tyrus.hearle@blogger.com,M,133671,7
133966,Ethelred,Bloy,ethelred.bloy@shareasale.com,M,137968,3
133989,Cassi,Salzburger,cassi.salzburger@shinystat.com,F,104790,24
134024,Shannon,Fairburn,shannon.fairburn@archive.org,M,149231,9
134162,Alyda,Swiffan,alyda.swiffan@usda.gov,F,136119,7
134225,Pail,Riding,pail.riding@dagondesign.com,M,148061,25
134295,Joete,Tumasian,joete.tumasian@list-manage.com,F,134637,48
134438,Selinda,Bougen,selinda.bougen@wix.com,F,143169,16
134449,Hewitt,Artois,hewitt.artois@wikia.com,M,111334,29
134488,Sayres,Loveless,sayres.loveless@nbcnews.com,M,104888,32
134600,Vance,Callendar,vance.callendar@reddit.com,M,128880,6
134648,Carley,Melluish,carley.melluish@cdc.gov,F,135316,17
134668,Stanleigh,Chilcott,stanleigh.chilcott@hubpages.com,M,126160,0
134775,Kele,Horwell,kele.horwell@360.cn,M,123214,20
135028,Freddie,Western,freddie.western@sfgate.com,F,146716,17
135136,Artus,Longega,artus.longega@tinyurl.com,M,115335,20
135152,Susanne,Gonnel,susanne.gonnel@unc.edu,F,107858,22
135269,Cornelia,Jarrad,cornelia.jarrad@ucoz.ru,F,134298,28
135503,Berkley,Lasham,berkley.lasham@shutterfly.com,M,142551,21
135601,Josi,Alban,josi.alban@ibm.com,F,127218,14
135745,Alejandra,Strothers,alejandra.strothers@google.pl,F,113392,2
135796,Inglis,Playdon,inglis.playdon@ocn.ne.jp,M,147267,21
135920,Jillane,Trowle,jillane.trowle@youtu.be,F,105334,32
135944,Farlie,Hainey,farlie.hainey@ihg.com,M,101006,25
135950,Marget,Adel,marget.adel@yellowbook.com,F,121495,34
135997,Johnnie,Sterrick,johnnie.sterrick@europa.eu,M,111876,9
136009,Jeri,Doniso,jeri.doniso@biblegateway.com,F,144464,14
136023,Reynolds,Sprakes,reynolds.sprakes@printfriendly.com,M,144247,10
136121,Teodoro,Phuprate,teodoro.phuprate@cam.ac.uk,M,127572,1
136330,Binky,Meakes,binky.meakes@360.cn,M,135039,7
136390,Rhiamon,Latour,rhiamon.latour@constantcontact.com,F,138350,7
136454,Consalve,Clemmens,consalve.clemmens@sciencedaily.com,M,121420,16
136463,Aeriell,Pellington,aeriell.pellington@ebay.co.uk,F,105688,11
136503,Carlynn,Livezey,carlynn.livezey@princeton.edu,F,129676,23
136517,Ardelis,Parish,ardelis.parish@mapy.cz,F,138167,6
136532,Carolyne,Staggs,carolyne.staggs@sciencedaily.com,F,132182,1
136559,Adara,Taberer,adara.taberer@acquirethisname.com,F,110473,26
136573,Halie,Ayree,halie.ayree@behance.net,F,131010,20
136649,Ciel,Dossit,ciel.dossit@prweb.com,F,145264,12
